arquivo;autor;url_da_foto;origem;licenca;data_do_download;uso_no_site;observacoes
Logo.png;;;Identidade visual da empresa;Uso autorizado pela empresa;;Logotipo e favicon;
Escolha (1).jpg;Vedant Choudhary;https://unsplash.com/pt-br/fotografias/fotografia-aerea-de-edificios-SE5TsuCEO8M;Unsplash;Unsplash License;17/09/2026;Carrossel de diferenciais;
Escolha (2).jpg;Ashes Sitoula;https://images.unsplash.com/photo-1441171205449-f600f908a9f3?q=80&w=1332&auto=format&fit=crop&ixlib=rb-4.1.0&ixid=M3wxMjA3fDB8MHxwaG90by1wYWdlfHx8fGVufDB8fHx8fA%3D%3D;Unsplash;Unsplash License;17/09/2026;Carrossel de diferenciais;
Escolha (3).jpg;FlyD;https://images.unsplash.com/photo-1614064642261-3ccbfafa481b?q=80&w=1170&auto=format&fit=crop&ixlib=rb-4.1.0&ixid=M3wxMjA3fDB8MHxwaG90by1wYWdlfHx8fGVufDB8fHx8fA%3D%3D;Unsplash;Unsplash License;17/09/2026;Carrossel de diferenciais;
Escolha (4).jpg;Napendra Singh;https://images.unsplash.com/photo-1585143790814-b40d4b829e4a?q=80&w=1170&auto=format&fit=crop&ixlib=rb-4.1.0&ixid=M3wxMjA3fDB8MHxwaG90by1wYWdlfHx8fGVufDB8fHx8fA%3D%3D;Unsplash;Unsplash License;17/09/2026;Carrossel de diferenciais;
about-image.jpg;nicotitto;https://images.unsplash.com/photo-1554232456-8727aae0cfa4?q=80&w=735&auto=format&fit=crop&ixlib=rb-4.1.0&ixid=M3wxMjA3fDB8MHxwaG90by1wYWdlfHx8fGVufDB8fHx8fA%3D%3D;Unsplash;Unsplash License;17/09/2026;Página Sobre nós;
client-01.png;;;Identidade visual da empresa;Uso autorizado pela empresa;;Logotipo e favicon;
single_service_01.jpg;Scott Graham;https://images.unsplash.com/photo-1454165804606-c3d57bc86b40?q=80&w=1170&auto=format&fit=crop&ixlib=rb-4.1.0&ixid=M3wxMjA3fDB8MHxwaG90by1wYWdlfHx8fGVufDB8fHx8fA%3D%3D;Unsplash;Unsplash License;26/06/2026;Aba Assistência Financeira;
single_service_02.jpg;Jakub ?erdzicki;https://images.unsplash.com/photo-1707157284454-553ef0a4ed0d?q=80&w=1170&auto=format&fit=crop&ixlib=rb-4.1.0&ixid=M3wxMjA3fDB8MHxwaG90by1wYWdlfHx8fGVufDB8fHx8fA%3D%3D;Unsplash;Unsplash License;23/06/2026;Aba Consultoria e Gestão;
single_service_03.jpg;Fotis Fotopoulos;https://images.unsplash.com/photo-1571171637578-41bc2dd41cd2?q=80&w=1170&auto=format&fit=crop&ixlib=rb-4.1.0&ixid=M3wxMjA3fDB8MHxwaG90by1wYWdlfHx8fGVufDB8fHx8fA%3D%3D;Unsplash;Unsplash License;17/09/2026;Aba Tecnologia e Capacitação;
single_service_04.jpg;Ian Talmacs;https://images.unsplash.com/photo-1666373853360-594946eb8c33?q=80&w=1170&auto=format&fit=crop&ixlib=rb-4.1.0&ixid=M3wxMjA3fDB8MHxwaG90by1wYWdlfHx8fGVufDB8fHx8fA%3D%3D;Unsplash;Unsplash License;26/06/2026;Aba Contratos e Obras;
team_01.jpg;Isaac Lind;https://images.unsplash.com/photo-1645403265229-b97939a7a489?q=80&w=1170&auto=format&fit=crop&ixlib=rb-4.1.0&ixid=M3wxMjA3fDB8MHxwaG90by1wYWdlfHx8fGVufDB8fHx8fA%3D%3D;Unsplash;Unsplash License;26/06/2026;Nossa atuação;
team_02.jpg;AbsolutVision;https://images.unsplash.com/photo-1504607798333-52a30db54a5d?q=80&w=1170&auto=format&fit=crop&ixlib=rb-4.1.0&ixid=M3wxMjA3fDB8MHxwaG90by1wYWdlfHx8fGVufDB8fHx8fA%3D%3D;Unsplash;Unsplash License;26/06/2026;Nossa atuação;
team_03.jpg;Kanchanara;https://images.unsplash.com/photo-1630569470960-ec1e8c077d6b?q=80&w=1172&auto=format&fit=crop&ixlib=rb-4.1.0&ixid=M3wxMjA3fDB8MHxwaG90by1wYWdlfHx8fGVufDB8fHx8fA%3D%3D;Unsplash;Unsplash License;17/09/2026;Nossa atuação;
service_01;micheile henderson;https://images.unsplash.com/photo-1579621970795-87facc2f976d?q=80&w=1170&auto=format&fit=crop&ixlib=rb-4.1.0&ixid=M3wxMjA3fDB8MHxwaG90by1wYWdlfHx8fGVufDB8fHx8fA%3D%3D;Unsplash;Unsplash License;23/06/2026;Serviços Pagina inicial;
service_02;Ben Koorengevel;https://images.unsplash.com/photo-1743819344477-3b67c19621e9?q=80&w=1170&auto=format&fit=crop&ixlib=rb-4.1.0&ixid=M3wxMjA3fDB8MHxwaG90by1wYWdlfHx8fGVufDB8fHx8fA%3D%3D;Unsplash;Unsplash License;23/06/2026;Serviços Pagina inicial;
service_03;Sasun Bughdaryan;https://images.unsplash.com/photo-1631511258193-252ab3da6b8b?q=80&w=1170&auto=format&fit=crop&ixlib=rb-4.1.0&ixid=M3wxMjA3fDB8MHxwaG90by1wYWdlfHx8fGVufDB8fHx8fA%3D%3D;Unsplash;Unsplash License;23/06/2026;Serviços Pagina inicial;
slide_01;Daniel Esteves;https://images.unsplash.com/photo-1662122849254-ee3cb9f6bfa8?q=80&w=1632&auto=format&fit=crop&ixlib=rb-4.1.0&ixid=M3wxMjA3fDB8MHxwaG90by1wYWdlfHx8fGVufDB8fHx8fA%3D%3D;Unsplash;Unsplash License;26/06/2026;Banner da página inicial;
slide_02;Michael Myers;https://images.unsplash.com/photo-1670912461796-81819c1e525b?q=80&w=1170&auto=format&fit=crop&ixlib=rb-4.1.0&ixid=M3wxMjA3fDB8MHxwaG90by1wYWdlfHx8fGVufDB8fHx8fA%3D%3D;Unsplash;Unsplash License;23/06/2026;Banner da página inicial;
slide_03;Joao paulo m ramos paulo;https://images.unsplash.com/photo-1637979909686-9ea3cc338062?q=80&w=1170&auto=format&fit=crop&ixlib=rb-4.1.0&ixid=M3wxMjA3fDB8MHxwaG90by1wYWdlfHx8fGVufDB8fHx8fA%3D%3D;Unsplash;Unsplash License;26/06/2026;Banner da página inicial;
more-info;Ian Talmacs;https://images.unsplash.com/photo-1666868331003-25881c615443?q=80&w=1170&auto=format&fit=crop&ixlib=rb-4.1.0&ixid=M3wxMjA3fDB8MHxwaG90by1wYWdlfHx8fGVufDB8fHx8fA%3D%3D;Unsplash;Unsplash License;26/06/2026;Imagem ilustrativa;
more-info1;Jakub ?erdzicki;https://images.unsplash.com/photo-1707157284454-553ef0a4ed0d?q=80&w=1170&auto=format&fit=crop&ixlib=rb-4.1.0&ixid=M3wxMjA3fDB8MHxwaG90by1wYWdlfHx8fGVufDB8fHx8fA%3D%3D;Unsplash;Unsplash License;23/06/2026;Imagem ilustrativa;
